date,market_return_lag1,market_abs_4w,liquidity_state_lag1
2014-01-03,0.0,0.007081088497919099,0.0
2014-01-10,-0.007081088497919099,0.00905054149869863,0.0
2014-01-17,0.011019994499478158,0.006943463991435154,0.1809800006715063
2014-01-24,-0.0027293089769082042,0.005642894054509457,0.11383399714043979
2014-01-31,-0.001741184243732363,0.00403222347324881,0.15566972396480372
2014-02-07,-0.0006384061728765137,0.002990792636720273,0.23298439957095765
2014-02-14,-0.006854271153364011,0.002860179057646667,0.14462571545154146
2014-02-21,-0.0022068546606137792,0.004145850743905437,0.12332166346613271
2014-02-28,0.0068838709887674415,0.004909625691568423,0.23801610184555014
2014-03-07,0.0036935059635284616,0.00851343365771504,-0.00985284443081566
2014-03-14,0.021269503017950473,0.009855503987170883,-0.0478945240452261
2014-03-21,-0.007575135978437152,0.011981255146389161,0.28131722943921017
2014-03-28,0.015386875625640558,0.012535849172954262,0.14984820733991122
2014-04-04,-0.005911882069788862,0.00919834528202704,0.3744879635437175
2014-04-11,0.00791948745424159,0.008610123652117515,0.5088717148980814
2014-04-18,-0.0052222494587990526,0.005715536859868251,0.6147887212679928
2014-04-25,0.003808528456643498,0.006995367849862839,0.675271984841796
2014-05-02,0.011031206029767215,0.007567841604036679,0.5603392833251764
2014-05-09,0.010209382470936952,0.007340133706108886,0.525775625935592
2014-05-16,-0.0043114178670878795,0.00685528048577952,0.6894653043093513
2014-05-23,0.001869115575326034,0.008455126337856396,0.36274524307143385
2014-05-30,0.017430589438074715,0.009416674706651756,0.5250978159532931
2014-06-06,-0.014055575946118398,0.009839766411943385,0.40892182107702935
2014-06-13,-0.006003784688254398,0.010380297923230202,0.616201279703795
2014-06-20,0.0040312416204732965,0.011470386050461117,0.7841780463975252
2014-06-27,-0.021790941946998373,0.008960301173998183,0.7907100074624317
2014-07-04,-0.004015236440266664,0.007929247214548758,0.8348032447669596
2014-07-11,-0.0018795688504566943,0.007196007093509277,0.6176693819168848
2014-07-18,-0.0010982811363153752,0.0018675106771726486,0.6457409386497562
2014-07-25,0.0004769562816518609,0.004671422714939083,0.6249167528878272
2014-08-01,-0.015230884591332402,0.005867244961404543,0.6683171915780448
2014-08-08,-0.006662857836318534,0.015998461354810093,0.8131583593737448
2014-08-15,-0.041623146709937574,0.016039800513550154,0.6901582466560455
2014-08-22,0.0006423129166121134,0.013147763514027348,0.4902567212583371
2014-08-29,0.00366273659324117,0.01625836164815972,0.4125981699469108
2014-09-05,-0.01910525037284802,0.006423497504349601,0.3940918016542474
2014-09-12,-0.002283690134697103,0.006337452234927399,0.2803730005499209
2014-09-19,-0.00029813183892330646,0.009168754748155903,0.3089102724808095
2014-09-26,0.014987946646155185,0.0047392801873996256,0.33442031845152864
2014-10-03,0.0013873521298229056,0.010358124630476591,0.2545954436815964
2014-10-10,0.02475906790700496,0.012253449237952404,0.42875824940581997
2014-10-17,0.007879430268826558,0.009930971435214604,0.22997267481146666
2014-10-24,-0.005698035435203993,0.010738785899102678,0.31276797755700547
2014-10-31,0.004618609985375199,0.008881407367056419,0.3277680839746382
2014-11-07,0.017329553778819923,0.014482833853740235,0.22579544241783647
2014-11-14,-0.03028513621556182,0.0172220109036127,0.27736887150773587
2014-11-21,-0.016654743634693863,0.01729551218972402,-0.09077863954929907
2014-11-28,0.004912615129820473,0.016781535008306685,-0.019413844271893257
2014-12-05,-0.015273645053150575,0.009414739513811445,0.061699244162378895
2014-12-12,0.0008179542375808659,0.007641130014827955,0.041710696329782214
2014-12-19,0.009560305638759902,0.006479855997716413,0.0329209364375602
2014-12-26,-0.00026751906137430063,0.00326045891403441,-0.1147860690767309
2015-01-02,-0.002396056718422569,0.0067408574298292515,-0.28191658698112676
2015-01-09,0.01473954830076023,0.008991014602745198,-0.41622578325236015
2015-01-16,-0.01856093433042369,0.009625703229660772,-0.3914576466650909
2015-01-23,0.0028062735690365993,0.010148274750085128,-0.5877979580040272
2015-01-30,-0.0044863428001199876,0.007973002662502884,-0.6165462273101536
2015-02-06,0.0060384599504312575,0.0063362359060984644,-0.38761502660234537
2015-02-13,0.012013867304806008,0.00674290489594622,-0.3897353771092583
2015-02-20,-0.004432949528427624,0.008447927543737258,-0.5363572022664305
2015-02-27,-0.011306433391284131,0.006999263279237442,-0.26391756514664977
2015-03-06,0.0002438028924319974,0.005100198614354316,-0.3255361398827595
2015-03-13,0.004417608645273503,0.0052922316599228955,-0.431616624234619
2015-03-20,0.005201081710701945,0.002940349266254792,-0.516590957142634
2015-03-27,-0.0018989038166117194,0.004602171039006617,-0.2792559058039137
2015-04-03,0.006891089983439296,0.0100428801544693,-0.23639916283171525
2015-04-10,-0.02618044510712424,0.008918096283283562,-0.2182195293069919
2015-04-17,0.0007019462259589852,0.009425754654245935,-0.0985849966298797
2015-04-24,0.003929537300461208,0.008167775015655363,-0.09808973824745999
2015-05-01,0.0018591714290770087,0.003175747289530925,-0.05521366078847865
2015-05-08,0.006212334202626491,0.00401827190347572,-0.18054135023022283
2015-05-15,-0.004072044681738166,0.005580091393981218,-0.10218524522527817
2015-05-22,-0.0101768152624832,0.0071198876597990905,-0.24022309187715085
2015-05-29,-0.008018356492348494,0.01063298302286139,-0.19408922164622266
2015-06-05,-0.02026471565487569,0.011261694019209036,-0.41864489382014924
2015-06-12,-0.006586888667128752,0.009311692172890325,-0.3249162192609932
2015-06-19,-0.0023768078772083497,0.010234736166277672,-0.109986180616167
2015-06-26,-0.011710532465897887,0.0076764605446062095,-0.03197205177271377
2015-07-03,0.010031613168189842,0.014180617020930125,-0.036499962681711386
2015-07-10,0.032603514572424414,0.0151638623920652,-0.03959725453424123
2015-07-17,0.0063097893617486515,0.016778109675794246,-0.07713855018037657
2015-07-24,0.01816752160081406,0.01847789014637469,-0.4286636181531579
2015-07-31,-0.016830735050511633,0.010640009602093912,-0.22858186829052213
2015-08-07,-0.0012519923953012986,0.00971470648303034,-0.12080079260090781
2015-08-14,0.002608576885494364,0.0058221242569379324,-0.24799602239524973
2015-08-21,-0.0025971926964444294,0.00350795860097602,-0.22379707458353093
2015-08-28,-0.0075740724266639805,0.006585659773949093,-0.011904068041194482
2015-09-04,-0.013562797087193592,0.009521705786283063,-0.19763153870681321
2015-09-11,-0.014352760934830242,0.013209644108128272,-0.1673634461392496
2015-09-18,-0.017348945983825265,0.011703926830965404,-0.05406413187899699
2015-09-25,0.0015512033180125155,0.012464143720508195,-0.16098881698312756
2015-10-02,0.016603664645364745,0.009274250648914224,-0.053928541223569826
2015-10-09,-0.001593188648454364,0.00839308574080294,-0.18226633733905642
2015-10-16,0.013824286351380125,0.011532818985345127,0.01875244485553379
2015-10-23,0.014110136296181266,0.009176865420963489,-0.04460365420379571
2015-10-30,-0.007179850387838192,0.009186946130244665,-0.16724010651245658
2015-11-06,0.0016335114855790722,0.007164688838294995,-0.0977164316121423
2015-11-13,-0.005735257183581441,0.0051806918259795255,-0.3533558521881749
2015-11-20,0.00617414824691939,0.0036519765048708274,-0.3300834728039997
2015-11-27,-0.0010649891034033982,0.00502303905697288,-0.309984343281169
2015-12-04,0.0071177616939872845,0.005885321863774916,0.033891874477930406
2015-12-11,-0.009184388410789585,0.00813131707869443,0.1182599667829416
2015-12-18,0.015158129106597444,0.008451171976105213,0.2669194597748492
2015-12-25,-0.002344408693046533,0.009484557571582574,0.11179974824687694
2016-01-01,-0.01125130407589673,0.009496305643426968,-0.07736316574635375
2016-01-08,-0.009231380698167162,0.008210465801312255,-0.2946248906761365
2016-01-15,-0.01001476973813859,0.010252465309657732,-0.14883088177777992
2016-01-22,0.010512406726428445,0.00774997155922638,-0.2743161245277216
2016-01-29,-0.001241329074171317,0.006317590248113398,-0.43143429735877636
2016-02-05,-0.0035018554537152333,0.004339787086925119,-0.21115463015775007
2016-02-12,-0.0021035570933854745,0.002790260210278215,-0.03794642552493513
2016-02-19,-0.004314299219840828,0.006929096519256254,-0.10065851665592851
2016-02-26,-0.017796674310083475,0.008026383135505116,-0.14271233789710516
2016-03-04,0.00789100191871068,0.015573396992501829,-0.14684155513675198
2016-03-11,-0.032291612521372325,0.015429983728050517,-0.24802668497026675
2016-03-18,0.003740646162035583,0.011404555627104334,-0.3557024642443866
2016-03-25,-0.001694961906298746,0.013507282985733173,-0.2800164373647329
2016-04-01,-0.01630191135322603,0.0074766426401839566,-0.2410464752379381
2016-04-08,0.008169051139175458,0.007831877036658115,-0.33925121311930717
2016-04-15,0.005161583747932222,0.007975015981363442,-0.1459270798577529
2016-04-22,0.002267517685120053,0.00990698721687458,0.18058769596209384
2016-04-29,0.024029796295270578,0.008337024587969973,0.007747354379032373
2016-05-06,0.0018892006235570354,0.008278808474333217,-0.03720278759245716
2016-05-13,-0.004928719293385198,0.010272478262475598,-0.36396140824888545
2016-05-20,-0.010242196837689578,0.004468739974844416,-0.1563782432216493
2016-05-27,-0.0008148431447458514,0.004054985061379121,-0.34610142478629113
2016-06-03,0.00023418096969585363,0.00360866891509809,-0.30021407985282567
2016-06-10,0.0031434547082610713,0.00815583741048454,-0.17066049444614084
2016-06-17,-0.028430870819235378,0.008126879046767193,-0.030444229644650878
2016-06-24,0.0006990096898764618,0.008538542343688093,-0.21064656126397657
2016-07-01,-0.001880834157379453,0.016599664501531927,-0.30005879478353803
2016-07-08,0.03538794333963641,0.01240351956821555,-0.3029549092605086
2016-07-15,0.011646291085969863,0.013045059094129305,-0.5092245820243007
2016-07-22,-0.0032651677935314886,0.016874480675405094,-0.5433079472308222
2016-07-29,-0.017198520482482604,0.008257571602783384,-0.38352940115563194
2016-08-05,0.0009203070491495746,0.006117554085603857,-0.18306294970249973
2016-08-12,0.0030862210172517526,0.008011698302752914,-0.3565241999054154
2016-08-19,-0.010841744662127716,0.003844145040302156,-0.4488432636503545
2016-08-26,-0.0005283074326795724,0.007357925238020207,-0.5041177633364868
2016-09-02,0.014975427840021783,0.007147747562898269,-0.2431923445081632
2016-09-09,-0.0022455103167639966,0.005455017735386307,-0.309065559809019
2016-09-16,0.004070825352079869,0.007927741512532059,-0.2544774177363019
2016-09-23,0.01041920254126258,0.006039891883793267,-0.05591329920571389
2016-09-30,0.0074240293250666155,0.007736162294768517,0.04602168908996416
2016-10-07,-0.009030591960664998,0.009543724060038622,0.13671503587043848
2016-10-14,0.011301072413160288,0.007582392951546566,0.2917816249531637
2016-10-21,0.002573878107294353,0.006372169758547862,-0.019032453272483013
2016-10-28,0.002583136553071801,0.006717231470267947,0.026666464383851386
2016-11-04,-0.010410838807545337,0.00577136667160909,0.04569504862617664
2016-11-11,0.007517613218524865,0.005665040596381938,-0.06452528716095929
2016-11-18,0.0021485738063857437,0.005148333637712459,0.09143413160615566
2016-11-25,0.0005163087183938857,0.00527919649407694,0.2556801042223539
2016-12-02,-0.010934290233003258,0.009215502036475993,0.12249298705189045
2016-12-09,0.02326283538812108,0.00909291115937279,-0.12676170464821848
2016-12-16,-0.001658210297972929,0.013056602455014013,-0.5331888172363267
2016-12-23,0.01637107390095878,0.015151511158169359,-0.15635835500890444
2016-12-30,-0.019313925045624642,0.009782901778891778,-0.22488687710906496
2017-01-06,0.0017883978710107585,0.009692722341867688,-0.15246784256037704
2017-01-13,0.0012974925498765609,0.00949637145589664,-0.1286399535142374
2017-01-20,0.015585670357074595,0.008186596409358232,0.11712143346817577
2017-01-27,-0.01407482485947101,0.01099042312091672,-0.12095385329735067
2017-02-03,-0.013003704717244708,0.013939576202437342,-0.14321358258917039
2017-02-10,0.013094104875959052,0.010239352428505849,-0.25179110636255986
2017-02-17,-0.0007847752613486204,0.009004573170531459,-0.29105130013438024
2017-02-24,-0.009135707827573454,0.008115325136648125,-0.41917540426695465
2017-03-03,-0.009446712581711364,0.015522262756016982,-0.5209678637688996
2017-03-10,-0.04272185535343448,0.016337419477247758,-0.41701013966481965
2017-03-17,0.004045402146271722,0.01667157487609597,-0.3377645069306038
2017-03-24,0.010472329422966303,0.01627668818451688,-0.473994575485977
2017-03-31,-0.007867165815395007,0.009414395927740411,-0.43534164608443304
2017-04-07,-0.015272686326328604,0.009158356497961217,-0.5351757995003354
2017-04-14,0.003021244427154947,0.008560871286203262,-0.3517360878710899
2017-04-21,-0.008082388575934482,0.0096205472795939,-0.18418156124317303
2017-04-28,0.012105869788957564,0.006369097090702012,0.009410162770655595
2017-05-05,-0.002266885570761049,0.006629629868808575,-0.03766404423030298
2017-05-12,0.0040633755395812,0.00487005057700487,-0.12568527523875442
2017-05-19,-0.0010440714087196607,0.004421732538807462,-0.11201555042224791
2017-05-26,0.010312597636167929,0.006468582107692881,-0.1765544069781647
2017-06-02,0.010454283846302726,0.006449820411293332,-0.1525398185692736
2017-06-09,-0.0039883287539830056,0.006877468410095157,-0.21087013307339225
2017-06-16,0.002754663403926957,0.006138965181433416,-0.36044688584568785
2017-06-23,-0.007358584721520967,0.0039579942245171265,-0.27017501700398233
2017-06-30,0.0017304000186375687,0.010513553018344,-0.10569889391512996
2017-07-07,-0.0302105639292905,0.014856885980903966,0.007761484317697839
2017-07-14,-0.02012799525416682,0.01501220816448979,-0.17449716327617226
2017-07-21,-0.007979873455864263,0.017036588612673792,0.048959501538153816
2017-07-28,-0.009827921811373583,0.009619473719103393,-0.21700249023479895
2017-08-04,0.0005421043550088989,0.004698363133608911,-0.287242034611292
2017-08-11,0.00044355291218889343,0.004914465212661118,-0.22948430394307825
2017-08-18,0.008844281772073088,0.004771452541560259,-0.18937952855176868
2017-08-25,0.009255871126970147,0.005282552144095728,-0.20701491607541492
2017-09-01,-0.0025865027651507757,0.008573722465430594,-0.25076157644131125
2017-09-08,-0.013608234197528357,0.006653375535937807,-0.27312894241027424
2017-09-15,0.00116289405410194,0.004626573438957188,-0.08000638120466796
2017-09-22,-0.0011486627390476691,0.005721268575747319,0.09382086315410736
2017-09-29,-0.006965283312311301,0.006024333881372602,0.09585357486020216
2017-10-06,-0.014820495420029492,0.007288841771469217,-0.07167182134738158
2017-10-13,-0.0062209256144884,0.008951838815386306,0.03286835424360138
2017-10-20,-0.007800650914716021,0.00869848085602003,0.24309722450988897
2017-10-27,0.005951851474846208,0.0075266597456524025,0.31469234006795743
2017-11-03,0.010133210978558975,0.009498555218198704,0.1678468576658516
2017-11-10,0.014108507504673604,0.008158778036901966,0.08613535432217133
2017-11-17,0.002441542189529069,0.007336746107996881,0.27808629486457975
2017-11-24,0.0026637237592258703,0.0054108391496710045,0.2819825704665678
2017-12-01,-0.0024295831452554664,0.0028489429858152213,0.08761200562556531
2017-12-08,-0.0038609228492504726,0.005066387016031269,0.26521432091577385
2017-12-15,0.011311318310393257,0.006228850160019542,0.14939501219363532
2017-12-22,0.007313576335178966,0.006066685958898146,0.3849894615846743
2017-12-29,0.0017809263407698836,0.005163454902111097,0.6968717433102314
2018-01-05,0.00024799862210227695,0.004548591207693445,0.8313422020697054
2018-01-12,0.008851863532722647,0.0058659391161180515,0.8313612467785695
2018-01-19,0.01258296796887739,0.007411199980799538,0.7210503959859292
2018-01-26,-0.007961969799495832,0.00926729166914329,0.4090816893288942
2018-02-02,0.0076723653754772825,0.007743304276313342,0.2497609478343712
2018-02-09,0.002755913961402859,0.006772734352495578,0.04962972443357816
2018-02-16,-0.008700688273606332,0.005418073890172507,-0.03514674168096405
2018-02-23,-0.0025433279502035454,0.004740539117922155,0.025884504074166165
2018-03-02,-0.004962226286475873,0.010623873170614669,-0.05104164095334881
2018-03-09,-0.02628925017217292,0.010397474581198387,0.09242412345063258
2018-03-16,0.00779509391594121,0.01241892195330143,-0.03626148209833223
2018-03-23,0.01062911743861571,0.013591662993479608,0.04613554919430973
2018-03-30,-0.00965319044718859,0.009882984808656377,0.21750095272912817
2018-04-06,0.01145453743287999,0.011084931989340968,0.08206987234952949
2018-04-13,-0.01260288263867957,0.00887255840575408,0.0511533817389489
2018-04-20,-0.0017796231042681663,0.007676848375066592,-0.10232275350928999
2018-04-27,-0.004870350324438635,0.01006657203394551,-0.19548767661281186
2018-05-04,-0.021013432068395666,0.008297867004039639,-0.13320320357288215
2018-05-11,0.0055280625190560805,0.008707674416960392,-0.08125923003938723
2018-05-18,0.0034188527559511775,0.0077848247028023,0.056148367505365906
2018-05-25,-0.0011789514678062732,0.0037309013753120982,-0.06354005824073777
2018-06-01,-0.004797738758434855,0.0044793816117326855,-0.022937654690839113
2018-06-08,0.008521983464738429,0.00558803665681859,0.08147873763795702
2018-06-15,-0.007853472936294795,0.008237258609311264,0.0520101829760784
2018-06-22,0.011775839277776971,0.009816048125605,0.08365199339766657
2018-06-29,0.011112896823609796,0.008795370726600495,-0.1553668372586003
2018-07-06,-0.00443927386872041,0.008754451497433183,-0.27499453884366953
2018-07-13,0.007689796019625544,0.009217891439989342,-0.060424728834203134
2018-07-20,0.013629599048001616,0.009589669931473602,-0.315028722700674
2018-07-27,0.012600010789546829,0.010395597913677593,-0.5478331512145205
2018-08-03,-0.007662985797536377,0.009988453629818506,-0.4486332852392263
2018-08-10,-0.006061218884189199,0.008833691994632418,-0.6149040169672255
2018-08-17,-0.009010552507257259,0.006676713779048808,-0.29790331466775566
2018-08-24,-0.003972097927212392,0.004877433818630285,-0.06443432049251052
2018-08-31,-0.00046586595586228406,0.005040092929340483,-0.16629104167536612
2018-09-07,-0.006711855327029993,0.003396721122613218,-0.1257624677215046
2018-09-14,-0.002437065280348197,0.002980979528714355,-0.24949663410416661
2018-09-21,0.0023091315516169425,0.005747533421242391,-0.5145278144719841
2018-09-28,0.011532081525974422,0.009314868398175587,-0.39956737260540376
2018-10-05,-0.020981195234762776,0.013037915736402715,-0.5718879676264662
2018-10-12,0.017329254633256717,0.014162238532104795,-0.3968792097385505
2018-10-19,-0.006806422734425259,0.013600958103414775,-0.11742100125647076
2018-10-26,-0.009286959811214341,0.008946199693830412,-0.05195803043761515
2018-11-02,-0.0023621615964253256,0.007024680663734898,0.17392365284372524
2018-11-09,0.00964317851287466,0.00558607747035454,0.1310375010657653
2018-11-16,-0.0010520099609038272,0.004446397830760197,0.2324974878327735
2018-11-23,0.0047282412528369695,0.005289151494983611,0.3351444369430451
2018-11-30,0.005733176253318981,0.0065393229675323565,0.22176150668821862
2018-12-07,-0.014643864403069643,0.006953546531050523,0.27320820648008803
2018-12-14,-0.0027089042149764917,0.009872998922280607,0.2523877455554499
2018-12-21,-0.0164060508177573,0.008922024230104944,-0.020078402647910276
2018-12-28,-0.0019292774846163356,0.005412120211777372,-0.13624072312974037
2019-01-04,-0.0006042483297593499,0.006805324861920491,-0.2241590047086121
2019-01-11,-0.008281722815548974,0.00514762029134999,-0.33756591586136125
2019-01-18,-0.009775232535475293,0.00597415723581899,-0.4049523601491313
2019-01-25,0.00523542526249234,0.007464146600111913,-0.163849743404768
2019-02-01,0.0065642057869310395,0.00636330092694769,-0.24136285881710273
2019-02-08,0.0038783401228920824,0.006248952082068923,-0.13217052850185132
2019-02-15,0.009317837155960223,0.006121170426456095,0.1427037271548255
2019-02-22,0.004724298640041025,0.0057309849997192516,0.10574405890927166
2019-03-01,-0.005003464079983668,0.0051149914404569055,0.015080725557174768
2019-03-08,-0.0014143658858427,0.009074597509771345,0.06214167272883882
2019-03-15,-0.025156261433217978,0.010247088118759514,-0.21663334512974444
2019-03-22,0.009414261075993708,0.01931435236734244,-0.307090867228238
2019-03-29,-0.04127252107431538,0.022180261601857185,-0.24121768011821645
2019-04-05,-0.012878002823901677,0.01624466838983895,-0.5362357255270277
2019-04-12,-0.0014138885851450237,0.019749077984572302,-0.26822497077452556
2019-04-19,-0.023431899454927116,0.010497762477555551,-0.14493274176977344
2019-04-26,0.00426725904624838,0.009369748918623563,0.06752632049592545
2019-05-03,-0.008365948588173727,0.012417104578675776,-0.012031890349745618
2019-05-10,-0.013603311225353876,0.007122192419216687,-0.02076721461051078
2019-05-17,0.0022522508170907587,0.00806183803717191,0.12266005206895604
2019-05-24,0.008025841518069274,0.007808446630565576,0.3820665933378463
2019-05-31,0.007352382961748389,0.006892154634948009,0.46124244292966715
2019-06-07,-0.009938143242883607,0.00907304913675591,0.4698611410408135
2019-06-14,0.010975828824322362,0.010494353311585448,0.6584687875265343
2019-06-21,-0.01371105821738743,0.01372252283158583,0.6944190334661597
2019-06-28,0.020265061041749917,0.014713084160764158,0.2807116384104232
2019-07-05,-0.013900388559596915,0.012469825881948664,0.2882395196973568
2019-07-12,0.00200279570906039,0.009594291580609374,0.26786496772776364
2019-07-19,0.00220892101203027,0.008301910966801884,0.32688734399923935
2019-07-26,-0.015095538586519953,0.006939353857498448,0.3743934514845866
2019-08-02,-0.008450160122383173,0.010716008720784743,0.2803317214830117
2019-08-09,0.017109415162205575,0.012123342794052822,0.2624082063511249
2019-08-16,0.00783825730510258,0.010928113291530166,0.07902859851811136
2019-08-23,0.010314620576429333,0.014271427971657065,0.1761931913727684
2019-08-30,0.02182341884289077,0.011879821559486248,0.15424353790539552
2019-09-06,0.007542989513522305,0.010897715473605733,0.11806982389673937
2019-09-13,0.003909832961580525,0.011200153435914871,0.3029130592000539
2019-09-20,-0.011524372425665882,0.008512286251633836,0.3433434068972361
2019-09-27,0.011071950105766627,0.011816902117767324,0.41022498876774977
2019-10-04,-0.020761452978056257,0.012346736340302903,0.33494746420161736
2019-10-11,0.006029169851722834,0.010452446044537328,0.22141049283921332
2019-10-18,0.0039472112426035865,0.012711201374920007,0.20967560850639216
2019-10-25,-0.02010697142729734,0.008503614154387957,0.22343203175602316
2019-11-01,0.003931104095928053,0.007427655813129004,0.20674609488421417
2019-11-08,-0.001725336486687023,0.007287536573226909,0.21006054677235553
2019-11-15,0.003386734282995208,0.0025146202473735144,0.25788390230282676
2019-11-22,-0.0010153061238837636,0.0036691900382170768,0.38852035839166243
2019-11-29,-0.008549383259302303,0.003887302241175742,0.1735210247360801
2019-12-06,0.0025977852985216857,0.0030478742629091436,0.015624899330086567
2019-12-13,-2.9022369928813105e-05,0.005509848403454343,-0.42055408972124936
2019-12-20,-0.010863202686064562,0.01005325083627511,-0.33937751658571774
2019-12-27,-0.026722992990585368,0.010651647508647784,-0.4706893882687526
2020-01-03,-0.00499137198801238,0.010787442846592861,-0.6876405537083388
2020-01-10,-0.0005722037217091234,0.008481284250190542,-0.6085132907763827
2020-01-17,-0.0016385683004552845,0.003304867908983082,-0.6616340292391982
2020-01-24,-0.00601732762575553,0.003397685430025168,-0.4133964124573739
2020-01-31,0.005362642072180723,0.005081307796919956,-0.16172708047670833
2020-02-07,0.007306693189288276,0.0049432372293441535,-0.04099338552813479
2020-02-14,-0.0010862860301520747,0.003972586760104844,-0.09765502684414078
2020-02-21,-0.0021347257487982904,0.010261611481570496,-0.2926750158057007
2020-02-28,-0.03051874095804333,0.01145146440771386,-0.38442936835071356
2020-03-06,-0.012066104893861729,0.011607844041970631,-0.4729294648839094
2020-03-13,-0.001711804567179161,0.011211893087652332,-0.4627092007687482
2020-03-20,-0.0005509219315250963,0.005646875049545625,-0.44251673730823216
2020-03-27,0.008258668805616503,0.007199475104257978,-0.11434660292512872
2020-04-03,-0.018276505112711137,0.014054178176178817,0.02714305732457359
2020-04-10,-0.02913061685486252,0.02310666469517629,0.30537289028794756
2020-04-17,0.036760868007514984,0.023509138375677387,0.29441649806760894
2020-04-24,-0.009868563527620897,0.019593620166140926,0.11845971226478838
2020-05-01,0.002614432274565289,0.016124310164507986,0.004604460390627715
2020-05-08,0.01525337684833077,0.007114796700155714,-0.001253837284186203
2020-05-15,-0.0007228141501058875,0.005455572149571111,0.0569695676917412
2020-05-22,0.003231665325282484,0.005925714042962651,0.2208165626201944
2020-05-29,0.00449499984813145,0.005859033281294754,0.10026559111724391
2020-06-05,0.014986653801659179,0.009200780855721747,0.027429923446578672
2020-06-12,-0.014089804447813865,0.012102688086502054,0.05100483537225542
2020-06-19,-0.014839294248403707,0.012426806035374672,0.2423491439431935
2020-06-26,-0.005791471643621921,0.011990659593584852,0.14015358433965847
2020-07-03,-0.0132420680344999,0.010786457275012045,0.195949748307503
2020-07-10,0.009272995173522638,0.007720781095334448,0.0015396901861840229
2020-07-17,0.0025765895296933194,0.00786708597993976,0.06239860371697505
2020-07-24,-0.006376691182043174,0.00652163165409681,0.12593214788102675
2020-07-31,0.007860250731128093,0.00615879615713536,0.1935283307068399
2020-08-07,-0.007821653185676836,0.009079617422186966,0.3624758639419158
2020-08-14,-0.014259874589899748,0.009869764960776333,0.29951389731231176
2020-08-21,0.009537281336400638,0.009879655936669646,0.35382150144614244
2020-08-28,0.00789981463470135,0.009062660774040058,0.16691355078835785
2020-09-04,-0.004553672535158481,0.006109783884808035,-0.03598831416500253
2020-09-11,-0.002448367032971654,0.008411149305738712,-0.03886475762012928
2020-09-18,0.018742743020123347,0.0070887457780384805,-0.07150870033850584
2020-09-25,0.0026102005239004265,0.0077946781063377765,0.19441970473925443
2020-10-02,-0.0073774018483556605,0.00885417386693208,0.26985865651228136
2020-10-09,0.006686350075348869,0.0074007145125942605,0.4396680642050527
2020-10-16,0.01292890560277207,0.008278282147837001,0.4323428492866049
2020-10-23,0.0061204710648713875,0.00843093645002987,0.49341513027147244
2020-10-30,0.007988019057127137,0.006913134720035343,0.37777336389476357
2020-11-06,-0.0006151431553707614,0.006534176612377063,0.42222590609789823
2020-11-13,-0.01141307317213895,0.005810162037998533,0.28079166962833346
2020-11-20,-0.0032244127673572674,0.006106070101845244,0.1642870846249819
2020-11-27,0.00917165131251398,0.009747990541627295,-0.2125948479086092
2020-12-04,-0.015182824914498964,0.010379818442514462,-0.12326314343732245
2020-12-11,-0.013940384775687615,0.012363777384427519,0.03022878572030123
2020-12-18,-0.011160248535009503,0.01346430851220037,0.12653582911556885
2020-12-25,-0.013573775823605378,0.010044306820351703,0.1473359153551941
2021-01-01,0.0015028181471042912,0.007966574092251752,0.059229792830310476
2021-01-08,0.0056294538632878175,0.005405633921277048,-0.2988699929673213
2021-01-15,0.000916487851110686,0.00380653296288921,-0.4289030910850369
2021-01-22,-0.0071773719900540284,0.003780426304224229,-0.38408087632270255
2021-01-29,-0.0013983915124443679,0.006807016989686018,-0.22140942927491525
2021-02-05,0.01773581660513497,0.010862968640846633,-0.006558427914884396
2021-02-12,-0.01714029445575315,0.010505645346828412,0.16513850875463648
2021-02-19,-0.005748078813981139,0.012172964001635585,0.04181811286938769
2021-02-26,0.008067666131673059,0.009113316166920089,0.004299926887479259
2021-03-05,-0.005497225266272989,0.006098102359566469,-0.1887135522346377
2021-03-12,0.005079439226338672,0.009424950218479576,-0.43736844277816156
2021-03-19,-0.019055470249633572,0.008062544930133872,-0.4994889501765964
2021-03-26,-0.0026180449782902374,0.007720617438594464,-0.5436849921763189
2021-04-02,0.004129515300115357,0.008548222261684762,-0.5967997069861175
2021-04-09,0.00838985851869986,0.00391994942712054,-0.38788017721335927
2021-04-16,0.000542378911376689,0.004010622505894706,-0.1069162984609083
2021-04-23,0.0029807372933868996,0.005564998099934536,-0.21178253213676063
2021-04-30,0.01034701767627468,0.00433147734785601,0.07365277062975284
2021-05-07,0.003455775510385753,0.005211720720449399,-0.19251568056268492
2021-05-14,-0.004063352401750246,0.006672622752564854,-0.09979731851673596
2021-05-21,-0.008824345421848716,0.013395466012160533,0.0029379049029609194
2021-05-28,-0.0372383907146574,0.01502784560654711,-0.2069379131779653
2021-06-04,-0.009985293887932064,0.015416179931484045,-0.027196017533734018
2021-06-11,0.005616689701497984,0.017600879905191047,-0.07984746354198877
2021-06-18,-0.01756314531667673,0.010767765247898667,-0.027810919648915362
2021-06-25,-0.00990593208548788,0.010236427399351699,0.14758730306213705
2021-07-02,0.007859942493744186,0.009808615570336727,0.22687002501331638
2021-07-09,-0.003905442385438102,0.007293253366566584,0.12536865852433446
2021-07-16,-0.007501696501596154,0.005025189904628511,0.09848222188501364
2021-07-23,-0.0008336782377355884,0.004427413692925331,0.34512818781766935
2021-07-30,0.005468837646931466,0.003514036870732995,0.034061962281856595
2021-08-06,-0.0002519350966687582,0.00794988998735267,0.17140380233622993
2021-08-13,0.025245108968074855,0.008162418538129925,0.29001729839406876
2021-08-20,0.0016837924408446066,0.007040665110191553,0.5300636689527278
2021-08-27,0.0009818239351779721,0.007648684282302714,0.6521185424954092
2021-09-03,0.0026840117851134057,0.005399067557278382,0.32493914950438574
2021-09-10,0.016246642067977525,0.015988298507855214,0.3668012709759715
2021-09-17,-0.04404071624315193,0.017588427936706622,0.3674653081550331
2021-09-24,0.007382341650583609,0.021420338162887093,0.44074314999126274
2021-10-01,-0.018011652689835286,0.018961290771504116,0.6501276265714023
2021-10-08,0.006410452502445629,0.008579120453838738,0.606874707170763
2021-10-15,0.002512034972490411,0.008305118925079558,0.4876565895238109
2021-10-22,-0.0062863355355468895,0.004957100146047725,0.38412235782047505
2021-10-29,-0.004619577573707948,0.004139162199441473,0.4910432445061758
2021-11-05,0.0031387007160206216,0.007855364801930536,0.2609137086671265
2021-11-12,0.017376845382446666,0.007453661036037564,0.32285246666616263
2021-11-19,0.004679520471974998,0.008847605869191866,0.3304781052072409
2021-11-26,-0.010195356906325156,0.00850444425220452,0.011244613312706153
2021-12-03,0.001766054248071234,0.004230768362391424,0.08497666123374986
2021-12-10,-0.00028214182319428956,0.007869197400370079,-0.09326751456091648
2021-12-17,0.019233236623889614,0.007307032859423501,0.22145236808217558
2021-12-24,-0.007946698742538847,0.007186620888386428,0.05013744201686757
2021-12-31,0.0012844063639229407,0.008469432215602809,0.19072281410784864
2022-01-07,0.00541338713205981,0.004565411940118357,0.1255590288770429
2022-01-14,0.003617155521951811,0.005444239158422492,-0.04983579023406767
2022-01-21,-0.01146200761575539,0.0064805125577048735,0.024763367898983417
2022-01-28,0.005429499961052466,0.012917531753039266,-0.17541186445067042
2022-02-04,0.03116146391339738,0.01490459364268041,-0.17886351543513854
2022-02-11,-0.01156540308051639,0.017910649779453947,0.06167658720279409
2022-02-18,0.02348623216284954,0.019578318619568266,0.002023904165392415
2022-02-25,-0.01210017532150973,0.01599678799789778,0.33619586748811225
2022-03-04,-0.016835341426715437,0.01391093948049354,0.4470543617018371
2022-03-11,-0.0032220090108994255,0.011711080260156017,0.15296767220537674
2022-03-18,0.014686795281499456,0.010584328887326877,0.46236119458401703
2022-03-25,0.007593169830193164,0.007146425023771358,0.6504798931922163
2022-04-01,0.0030837259724933634,0.00774459232330351,0.2590534986452572
2022-04-08,-0.005614678209028034,0.00455049037810166,0.17674147391746606
2022-04-15,-0.0019103875006920574,0.006288502535299875,0.4284871257275098
2022-04-22,0.014545218458986025,0.007011997619838534,0.35306124409962714
2022-04-29,-0.0059777063106480005,0.007190064331906358,0.30699042289421435
2022-05-06,-0.006326945057299326,0.0076553413985829405,0.12591985255301544
2022-05-13,0.0037714957673983898,0.0058092917559270894,0.11473998102114931
2022-05-20,-0.007161019888362618,0.008746215305156972,0.17763326136750535
2022-05-27,0.017725400507567532,0.0075299525602450105,0.4407230790858551
2022-06-03,0.0014618940776514777,0.008839966433563884,0.2751450419390856
2022-06-10,0.009011551260673883,0.011261174547873941,0.2575871707354597
2022-06-17,-0.01684585234560285,0.00808628752426996,0.47938820897223194
2022-06-24,-0.0050258524131516075,0.007864887587571763,0.4962101540215645
2022-07-01,0.0005762943308586883,0.010451426322416293,0.23484262861231794
2022-07-08,-0.019357706200052005,0.011255889763629436,0.33039521845976005
2022-07-15,-0.02006370611045542,0.012273165830395966,0.3447956261073455
2022-07-22,0.009094956680217725,0.015634380144822945,0.040152178688857676
2022-07-29,-0.0140211515885666,0.010806408319706634,0.2511012015882223
2022-08-05,4.581889958676484e-05,0.006409227678310804,0.011767908926264309
2022-08-12,-0.0024749835448721028,0.00442929604153959,0.19730020561170544
2022-08-19,0.001175230133132868,0.0019202903648712808,0.20883805554222443
2022-08-26,-0.003985128881893363,0.0033247560168399347,0.28481370842817666
2022-09-02,0.0056636815074613805,0.006835121124977172,0.06012018489536147
2022-09-09,-0.016516443977421053,0.00786927107559532,-0.05839515512396084
2022-09-16,-0.005311829935605461,0.010897149033727712,-0.028312558294840164
2022-09-23,-0.016096640714422926,0.01201642387712791,-0.11338505214767874
2022-09-30,0.010140780881062177,0.009061957923523697,-0.2597509349388708
2022-10-07,-0.004698580163004204,0.010826799596596954,-0.2893231071213562
2022-10-14,0.012371196627898482,0.00919337872664959,-0.384781692588515
2022-10-21,-0.009562957234633471,0.0069738627526079525,-0.30830073301302685
2022-10-28,0.0012627169848956285,0.007614707240307505,-0.38316253355567276
2022-11-04,-0.007261958113802415,0.004789204742858312,-0.8165356757062494
2022-11-11,0.0010691866381017103,0.0026896126293502686,-0.4247018673027444
2022-11-18,-0.0011645887806012957,0.006547368900303454,-0.35777253419400473
2022-11-25,-0.01669374206870837,0.010175468085578631,-0.20788662484552062
2022-12-02,-0.021774354854903123,0.010219822633443877,-0.49000282739152656
2022-12-09,-0.0012466048295626977,0.015063463453749506,-0.5934100563269344
2022-12-16,-0.020539152061823805,0.014219071738704264,-0.5020353147616756
2022-12-23,0.013316175208527401,0.011108441702647912,-0.08438454079037905
2022-12-30,-0.00933183471067772,0.013279985917200695,-0.009503772446274511
2023-01-06,0.009932781687773829,0.008953355087511076,-0.07714121703503123
2023-01-13,-0.003232628743065327,0.006095606883510941,-0.03827797402701326
2023-01-20,0.001885182392526863,0.004239683295569751,-0.2595923417518575
2023-01-27,-0.0019081403589129601,0.003329996351141509,-0.39105940701725495
2023-02-03,0.006294033910060861,0.008119466428098862,-0.20653702097075333
2023-02-10,0.022390509050894743,0.013022854897577194,-0.16678118580150894
2023-02-17,-0.021498736270440185,0.015173121720627675,-0.11104875724269198
2023-02-24,-0.010509207651114887,0.01369604251299266,0.09330192476946964
2023-03-03,-0.00038571707952080795,0.010419907450682811,0.10996108492233356
2023-03-10,0.009285968801655338,0.006976523192381362,-0.14956141934933564
2023-03-17,-0.0077251992372343896,0.006557442110783143,0.12628103072404054
2023-03-24,0.008832883324722015,0.007948637091648825,0.21259612729305624
2023-03-31,-0.005950497002983536,0.007210939797067638,0.34537252981010513
2023-04-07,0.006335179623330589,0.007115237261334976,0.2067300587024991
2023-04-14,0.007342389094303742,0.008001491839124204,0.2503004818507026
2023-04-21,0.012377901635878926,0.007338504577020364,0.45962351751311786
2023-04-28,-0.003298547954568172,0.0068920687594200055,0.29600986456647255
2023-05-05,-0.004549436352929159,0.007047421241753265,0.383090888869865
2023-05-12,0.00796379902363678,0.00952745787803912,0.5500137359476677
2023-05-19,0.02229804818102235,0.0117277265459369,0.763809461619571
2023-05-26,-0.012099622626159294,0.01133398148197651,0.46483629147791206
2023-06-02,-0.002974456097087597,0.01063817673841163,0.2269918805761077
2023-06-09,-0.00518058004937725,0.008253653688484713,0.06891595753541375
2023-06-16,0.012759955981314693,0.007149434797325182,0.05828256583278034
2023-06-23,-0.007682747061521168,0.010277369387703654,0.030801666236929492
2023-06-30,-0.01548619445860148,0.011051716223171578,0.04774977628864427
2023-07-07,-0.00827796739124895,0.007991618625041394,0.11594944950812622
2023-07-14,0.0005195655887939519,0.006361387927899844,-0.02254455152871547
2023-07-21,-0.0011618242729549701,0.0031293533524764426,0.07203692464460623
2023-07-28,0.002558056156907873,0.0021622067373760386,-0.10973179956792439
2023-08-04,-0.004409380930847334,0.002956797212610588,-0.12236117994884955
2023-08-11,-0.0036979274897321517,0.0035954483421050966,-0.3293761327088762
2023-08-18,0.0037164287909330043,0.0050925532452224444,-0.01940950901276567
2023-08-25,0.008546475769377265,0.004404411462785091,-0.42961080830755166
2023-09-01,-0.001656813801097921,0.004896205604403167,-0.45353357987703374
2023-09-08,0.005665104056204455,0.010903230078172989,-0.6208708148736188
2023-09-15,-0.027744526686012294,0.008880268414215318,-0.44009191557004684
2023-09-22,-0.0004546291135465851,0.014960290406172983,-0.26970112029821824
2023-09-29,-0.025976901768928577,0.014496973194799036,-0.261803680546585
2023-10-06,0.0038118352107086675,0.009121303850238967,-0.394185363669585
2023-10-13,-0.006241849307772011,0.010373812865348903,-0.5673924513910933
2023-10-20,0.005464665173986334,0.006014668000031721,-0.6087528113410425
2023-10-27,-0.00854032230765985,0.007055838303925329,-0.511879519016694
2023-11-03,0.007976516426283102,0.007027547430900701,-0.24053028832964682
2023-11-10,0.006128685815673495,0.010956264541368978,-0.12971136351914017
2023-11-17,0.02117953361585944,0.012398328486384225,0.06795859239302056
2023-11-24,0.014308578087720843,0.011220345212097218,0.050776135797972966
2023-12-01,-0.003264583329135075,0.011343770988995375,0.025989621189928525
2023-12-08,0.006622388923266118,0.007125939981907431,0.08535998017838964
2023-12-15,0.004308209587507667,0.005724162767872615,0.119951636184818
